id,title,season,episode,imdb_rating,num_votes
tt0348034,Simpsons Roasting on an Open Fire,1,1,8.1,8663
tt0756593,Bart the Genius,1,2,7.7,5893
tt0701124,Homer's Odyssey,1,3,7.3,5224
tt0756399,There's No Disgrace Like Home,1,4,7.6,5132
tt0701059,Bart the General,1,5,7.9,5450
tt0756398,The Telltale Head,1,8,7.6,4622
tt0701152,Life on the Fast Lane,1,9,7.4,4593
tt0701123,Homer's Night Out,1,10,7.3,4448
tt0701147,Krusty Gets Busted,1,12,8.3,4958
tt0701215,Some Enchanted Evening,1,13,7.7,4855
tt0763024,Bart Gets an F,2,1,8.2,4980
tt0701211,Simpson and Delilah,2,2,8.2,5009
tt0757023,Two Cars in Every Garage and Three Eyes on Every Fish,2,4,8.0,4292
tt0701084,Dancin' Homer,2,5,7.3,4088
tt0767442,Dead Putting Society,2,6,7.9,4040
tt0701140,Itchy & Scratchy & Marge,2,9,8.1,4380
tt0701195,"One Fish, Two Fish, Blowfish, Blue Fish",2,11,8.8,5178
tt0767443,Homer vs. Lisa and the 8th Commandment,2,13,8.0,3825
tt0767445,Principal Charming,2,14,7.4,3656
tt0701077,Brush with Greatness,2,18,7.9,3646
tt0701164,Lisa's Substitute,2,19,8.6,4900
tt0766140,The War of the Simpsons,2,20,7.8,3554
tt0701275,Three Men and a Comic Book,2,21,8.2,4179
tt0701217,Stark Raving Dad,3,1,8.6,4923
tt0701183,Mr. Lisa Goes to Washington,3,2,7.7,3729
tt0763042,When Flanders Failed,3,3,8.2,3895
tt0701060,Bart the Murderer,3,4,8.6,4568
tt0701110,Homer Defined,3,5,8.4,4308
tt0701153,"Like Father, Like Clown",3,6,7.6,3580
tt0759267,Treehouse of Horror II,3,7,8.2,4096
tt0701161,Lisa's Pony,3,8,7.8,3544
tt0701098,Flaming Moe's,3,10,8.8,4568
tt0769743,Burns Verkaufen der Kraftwerk,3,11,8.2,3624
tt0768556,I Married Marge,3,12,8.3,3519
tt0701200,Radio Bart,3,13,8.5,3871
tt0768557,Lisa the Greek,3,14,8.0,3375
tt0768555,Homer Alone,3,15,8.0,3377
tt0701204,Separate Vocations,3,18,8.2,3412
tt0768554,Dog of Death,3,19,7.7,3236
tt0701082,Colonel Homer,3,20,8.0,3529
tt0701070,Black Widower,3,21,8.3,3520
tt0701254,The Otto Show,3,22,7.6,3301
tt0701076,"Brother, Can You Spare Two Dimes?",3,24,8.2,3437
tt0701142,Kamp Krusty,4,1,8.5,4056
tt0701048,A Streetcar Named Marge,4,2,8.1,3686
tt0773647,Homer the Heretic,4,3,8.9,5088
tt0701154,Lisa the Beauty Queen,4,4,7.7,3362
tt0758368,Treehouse of Horror III,4,5,8.4,4013
tt0701139,Itchy & Scratchy: The Movie,4,6,8.2,3592
tt0701169,Marge Gets a Job,4,7,7.8,3246
tt0701189,New Kid on the Block,4,8,8.2,3532
tt0701184,Mr. Plow,4,9,8.8,4481
tt0772625,Homer's Triple Bypass,4,11,8.6,4173
tt0773650,Selma's Choice,4,13,8.0,3278
tt0764185,Brother from the Same Planet,4,14,8.1,3331
tt0701151,Last Exit to Springfield,4,17,9.0,5169
tt0773651,So It's Come to This: A Simpsons Clip Show,4,18,7.0,3021
tt0701292,Whacking Day,4,20,8.1,3357
tt0701171,Marge in Chains,4,21,7.7,3072
tt0701121,Homer's Barbershop Quartet,5,1,8.5,4045
tt0701080,Cape Feare,5,2,9.2,5675
tt0773645,Homer Goes to College,5,3,8.6,4023
tt0701279,Treehouse of Horror IV,5,5,8.8,4221
tt0701172,Marge on the Lam,5,6,8.0,3256
tt0701066,Bart's Inner Child,5,7,7.6,3037
tt0701072,Boy Scoutz 'n the Hood,5,8,8.6,3956
tt0701246,The Last Temptation of Homer,5,9,8.5,3633
tt0701040,"$pringfield (Or, How I Learned to Stop Worrying and Love Legalized Gambling)",5,10,8.6,3664
tt0701087,Deep Space Homer,5,15,8.8,4316
tt0777148,Bart Gets an Elephant,5,17,7.8,3091
tt0777149,Burns' Heir,5,18,8.3,3480
tt0777150,Sweet Seymour Skinner's Baadasssss Song,5,19,8.3,3554
tt0778453,The Boy Who Knew Too Much,5,20,8.3,3105
tt0763033,Lady Bouvier's Lover,5,21,7.5,2802
tt0778452,Secrets of a Successful Marriage,5,22,8.0,2967
tt0701162,Lisa's Rival,6,2,8.1,3230
tt0701053,Another Simpsons Clip Show,6,3,5.8,2837
tt0701065,Bart's Girlfriend,6,7,8.1,3185
tt0778450,Lisa on Ice,6,8,8.6,3484
tt0701109,Homer Badman,6,9,8.9,4661
tt0778448,Grampa vs. Sexual Inadequacy,6,10,8.0,2958
tt0701097,Fear of Flying,6,11,7.7,3029
tt0757016,And Maggie Makes Three,6,13,8.9,3898
tt0701119,Homer vs. Patty and Selma,6,17,7.8,2831
tt0701045,A Star Is Burns,6,18,8.5,3449
tt0701165,Lisa's Wedding,6,19,8.3,3304
tt0778454,The PTA Disbands,6,21,8.0,2896
tt0778455,The Springfield Connection,6,23,8.2,2949
tt0757018,Lemon of Troy,6,24,8.7,3624
tt0701295,Who Shot Mr. Burns? Part Two,7,1,9.0,4237
tt0701108,Home Sweet Home-Dum-Diddly Doodily,7,3,8.4,3121
tt0177842,Treehouse of Horror VI,7,6,8.6,3700
tt0701144,King Size Homer,7,7,9.0,4613
tt0701182,Mother Simpson,7,8,8.7,3465
tt0701208,Sideshow Bob's Last Gleaming,7,9,8.0,2860
tt0701261,The Simpsons 138th Episode Spectacular!,7,10,7.4,2783
tt0779675,Team Homer,7,12,8.3,2927
tt0779674,Scenes from the Class Struggle in Springfield,7,14,7.7,2677
tt0701058,Bart the Fink,7,15,7.6,2631
tt0779667,Homer the Smithers,7,17,8.8,4056
tt0701057,Bart on the Road,7,20,8.6,3610
tt0701186,22 Short Films About Springfield,7,21,8.9,4068
tt0778451,Raging Abe Simpson and His Grumbling Grandson in 'The Curse of the Flying Hellfish',7,22,8.5,3057
tt0774432,Much Apu About Nothing,7,23,8.1,2740
tt0701127,Homerpalooza,7,24,7.9,2860
tt0779678,Treehouse of Horror VII,8,1,8.5,3443
tt0701298,You Only Move Twice,8,2,9.2,6303
tt0701243,The Homer They Fall,8,3,8.1,2948
tt0701131,Hurricane Neddy,8,8,8.7,3824
tt0701094,The Mysterious Voyage of Our Homer,8,9,8.6,3815
tt0701263,The Springfield Files,8,10,9.1,4679
tt0701266,The Twisted World of Marge Simpson,8,11,7.7,2697
tt0779671,Mountain of Madness,8,12,8.5,3483
tt0757021,Simpsoncalifragilisticexpiala(Annoyed Grunt)cious,8,13,7.6,2993
tt0701126,Homer's Phobia,8,15,8.8,4310
tt0701227,Brother from Another Series,8,16,8.2,2976
tt0779672,"My Sister, My Sitter",8,17,7.8,3078
tt0701120,Homer vs. the 18th Amendment,8,18,8.8,3579
tt0779666,Grade School Confidential,8,19,8.2,3105
tt0701229,The Canine Mutiny,8,20,7.6,2523
tt0701122,Homer's Enemy,8,23,9.3,6729
tt0701262,The Simpsons Spin-Off Showcase,8,24,7.1,2657
tt0701257,The Principal and the Pauper,9,2,6.9,3556
tt0701056,Bart Star,9,6,7.7,2437
tt0701156,Lisa the Skeptic,9,8,8.1,2613
tt0701176,Miracle on Evergreen Terrace,9,10,7.6,2626
tt0701054,Bart Carny,9,12,7.6,2444
tt0779676,The Joy of Sect,9,13,8.3,2747
tt0701247,The Last Temptation of Krust,9,15,7.4,2293
tt0779668,Lisa the Simpson,9,17,8.0,2599
tt0701145,King of the Hill,9,23,8.2,2825
tt0779670,Lost Our Lisa,9,24,7.7,2284
tt0763037,Natural Born Kissers,9,25,8.0,2456
tt0701149,Lard of the Dance,10,1,7.6,2457
tt0701280,Treehouse of Horror IX,10,4,8.0,2792
tt0701293,When You Dish Upon a Star,10,5,7.2,2332
tt0701083,D'oh-in' in the Wind,10,6,7.5,2303
tt0769412,Lisa Gets an 'A',10,7,8.1,2432
tt0769411,Homer Simpson in: 'Kidney Trouble',10,8,7.2,2245
tt0701174,Mayored to the Mob,10,9,8.1,2838
tt0701296,Wild Barts Can't Be Broken,10,11,7.7,2282
tt0701220,"Sunday, Cruddy Sunday",10,12,7.0,2351
tt0701118,Homer to the Max,10,13,7.7,2326
tt0781978,Make Room for Lisa,10,16,7.5,2117
tt0781979,Maximum Homerdrive,10,17,7.7,2243
tt0781980,Simpsons Bible Stories,10,18,7.3,2185
tt0701180,Mom and Pop Art,10,19,7.6,2268
tt0701251,The Old Man and the 'C' Student,10,20,7.3,2011
tt0701181,Monty Can't Buy Me Love,10,21,7.1,2045
tt0701273,Thirty Minutes Over Tokyo,10,23,8.0,2479
tt0701069,Beyond Blunderdome,11,1,7.3,2301
tt0701102,Guess Who's Coming to Criticize Dinner?,11,3,7.5,2095
tt0701283,Treehouse of Horror X,11,4,7.8,2469
tt0701092,E-I-E-I-(Annoyed Grunt),11,5,7.8,2267
tt0701105,"Hello Gutter, Hello Fadder",11,6,7.3,1929
tt0701093,Eight Misbehavin',11,7,7.0,1969
tt0701222,"Take My Wife, Sleaze",11,8,7.1,1996
tt0701101,Grift of the Magi,11,9,7.3,2117
tt0701166,Little Big Mom,11,10,7.3,1914
tt0701203,Saddlesore Galactica,11,13,6.5,2141
tt0701052,"Alone Again, Natura-Diddly",11,14,7.6,2664
tt0701177,Missionary: Impossible,11,15,7.3,2013
tt0767446,Pygmoelian,11,16,7.3,1909
tt0767439,Bart to the Future,11,17,7.2,2119
tt0767441,Days of Wine and D'oh'ses,11,18,7.4,1896
tt0701143,Kill the Alligator and Run,11,19,6.6,2076
tt0767444,Last Tap Dance in Springfield,11,20,7.1,1885
tt0701138,"It's a Mad, Mad, Mad, Mad Marge",11,21,7.1,1937
tt0701068,Behind the Laughter,11,22,7.9,2403
tt0763040,Treehouse of Horror XI,12,1,7.6,2321
tt0701137,Insane Clown Poppy,12,3,6.9,1927
tt0763031,Homer vs. Dignity,12,5,7.0,2007
tt0701231,The Computer Wore Menace Shoes,12,6,7.7,2102
tt0701241,The Great Money Caper,12,7,7.2,1915
tt0762498,Skinner's Sense of Snow,12,8,7.9,2652
tt0762497,HOMR,12,9,8.1,2359
tt0701197,Pokey Mom,12,10,7.1,2235
tt0701297,Worst Episode Ever,12,11,7.4,1969
tt0701223,Tennis the Menace,12,12,6.8,1931
tt0701086,Day of the Jackanapes,12,13,7.1,1787
tt0701190,New Kids on the Blecch,12,14,7.2,2094
tt0701130,Hungry Hungry Homer,12,15,7.5,1925
tt0701079,Bye Bye Nerdy,12,16,6.7,1865
tt0701213,Simpson Safari,12,17,6.8,1906
tt0701133,I'm Goin' to Praiseland,12,19,7.2,2160
tt0766139,Simpsons Tall Tales,12,21,6.9,1811
tt0701284,Treehouse of Horror XII,13,1,7.6,2269
tt0701255,The Parent Rap,13,2,7.1,1818
tt0701116,Homer the Moe,13,3,7.1,1797
tt0701226,The Blunder Years,13,5,7.6,2234
tt0701206,She of Little Faith,13,6,7.1,1879
tt0701074,Brawl in the Family,13,7,6.8,1724
tt0701221,Sweets and Sour Marge,13,8,6.9,1712
tt0701104,Half-Decent Proposal,13,10,7.2,2106
tt0701225,The Bart Wants What It Wants,13,11,7.0,1679
tt0701249,The Lastest Gun in the West,13,12,6.5,1699
tt0701252,The Old Man and the Key,13,13,6.5,1647
tt0763038,Tales from the Public Domain,13,14,7.1,1692
tt0763028,Blame It on Lisa,13,15,7.0,1763
tt0701291,Weekend at Burnsie's,13,16,7.7,1961
tt0701103,Gump Roast,13,17,5.4,1822
tt0701132,I Am Furious Yellow,13,18,7.7,1873
tt0701264,The Sweetest Apu,13,19,6.7,1604
tt0701167,Little Girl in the Big Ten,13,20,7.1,1643
tt0701238,The Frying Game,13,21,7.0,1677
tt0701196,Papa's Got a Brand New Badge,13,22,7.8,2304
tt0701129,How I Spent My Strummer Vacation,14,2,7.3,1844
tt0701061,Bart vs. Lisa vs. 3rd Grade,14,3,7.1,1733
tt0701150,Large Marge,14,4,7.1,1807
tt0701106,Helter Shelter,14,5,6.7,1688
tt0701240,The Great Louse Detective,14,6,7.3,1764
tt0701216,Special Edna,14,7,7.0,1690
tt0701199,Pray Anything,14,10,6.7,1594
tt0701067,Barting Over,14,11,6.7,1708
tt0701134,I'm Spelling as Fast as I Can,14,12,7.2,1612
tt0701046,A Star Is Born Again,14,13,6.9,1631
tt0701185,Mr. Spritz Goes to Washington,14,14,6.8,1561
tt0793253,C.E.D'oh,14,15,7.1,1495
tt0701042,'Scuse Me While I Miss the Sky,14,16,7.1,1526
tt0701274,Three Gays of the Condo,14,17,7.2,1679
tt0701193,Old Yeller-Belly,14,19,6.6,1568
tt0701073,"Brake My Wife, Please",14,20,6.7,1540
tt0784544,The Bart of War,14,21,6.6,1575
tt0701179,Moe Baby Blues,14,22,7.6,2259
tt0701256,The President Wore Pearls,15,3,6.9,1705
tt0701258,The Regina Monologues,15,4,7.0,1778
tt0701235,The Fat and the Furriest,15,5,7.1,1599
tt0789632,'Tis the Fifteenth Season,15,7,7.0,1638
tt0763034,"Marge vs. Singles, Seniors, Childless Couples and Teens and Gays",15,8,6.6,1573
tt0763032,"I, (Annoyed Grunt)-Bot",15,9,7.3,1672
tt0701088,Diatribe of a Mad Housewife,15,10,7.2,1609
tt0784540,Margical History Tour,15,11,7.1,1562
tt0701175,Milhouse Doesn't Live Here Anymore,15,12,7.2,1602
tt0701214,Smart & Smarter,15,13,7.1,1619
tt0701271,The Ziff Who Came to Dinner,15,14,6.6,1541
tt0701081,Co-Dependent's Day,15,15,6.7,1567
tt0701268,The Wandering Juvie,15,16,7.0,1623
tt0701187,My Big Fat Geek Wedding,15,17,6.6,1582
tt0784101,Catch 'Em If You Can,15,18,7.1,1622
tt0784545,The Way We Weren't,15,20,7.2,1621
tt0763030,Fraudcast News,15,22,7.2,1520
tt0701051,All's Fair in Oven War,16,2,6.9,1564
tt0784543,Sleeping with the Enemy,16,3,7.1,1601
tt0701205,She Used to Be My Girl,16,4,6.5,1534
tt0763036,Mommie Beerest,16,7,6.8,1459
tt0701113,Homer and Ned's Hail Mary Pass,16,8,6.3,1512
tt0701198,Pranksta Rap,16,9,6.5,1584
tt0757022,There's Something About Marrying,16,10,6.9,1570
tt0701100,Goo Goo Gai Pan,16,12,6.9,1563
tt0763035,Mobile Homer,16,13,6.7,1468
tt0701089,Don't Fear the Roofer,16,16,7.4,1718
tt0701242,The Heartbroke Kid,16,17,7.1,1571
tt0701047,A Star Is Torn,16,18,6.7,1500
tt0701107,Home Away from Homer,16,20,7.0,1462
tt0701236,"The Father, the Son, and the Holy Guest Star",16,21,7.2,1616
tt0701239,The Girl Who Slept Too Little,17,2,6.8,1557
tt0757020,Milhouse of Sand and Fog,17,3,6.9,1467
tt0701287,Treehouse of Horror XVI,17,4,7.3,1833
tt0757019,Marge's Son Poisoning,17,5,6.9,1531
tt0784542,See Homer Run,17,6,6.8,1482
tt0701248,The Last of the Red Hat Mamas,17,7,6.6,1513
tt0701244,The Italian Bob,17,8,7.1,1747
tt0782576,Simpsons Christmas Stories,17,9,6.8,1539
tt0773649,My Fair Laddy,17,12,6.5,1495
tt0776642,The Seemingly Never-Ending Story,17,13,7.6,1747
tt0701111,"Homer Simpson, This Is Your Wife",17,15,6.4,1814
tt0795278,The Wettest Stories Ever Told,17,18,6.7,1483
tt0798764,Girls Just Want to Have Sums,17,19,7.1,1594
tt0800707,The Monkey Suit,17,21,7.1,1554
tt0809050,Homer and Marge Turn a Couple Play,17,22,6.3,1511
tt0831239,"The Mook, the Chef, the Wife and Her Homer",18,1,7.5,1843
tt0858309,Jazzy & The Pussycats,18,2,6.6,1683
tt0858310,"Please Homer, Don't Hammer 'Em",18,3,6.7,1602
tt0831240,Treehouse of Horror XVII,18,4,6.8,1889
tt0888356,Moe'N'a Lisa,18,6,6.7,1554
tt0888355,Ice Cream of Margie (with the Light Blue Hair),18,7,6.9,1544
tt0905908,The Haw-Hawed Couple,18,8,7.2,1520
tt0918866,Revenge Is a Dish Best Served Three Times,18,11,7.0,1502
tt0918865,Little Big Girl,18,12,6.7,1620
tt0918868,Springfield Up,18,13,7.3,1584
tt0918867,Rome-old and Juli-eh,18,15,6.3,1485
tt0918864,Homerazzi,18,16,7.1,1524
tt0918869,"Stop, or My Dog Will Shoot!",18,20,6.8,1433
tt0701278,Treehouse of Horror,2,3,8.2,5263
tt0767438,Bart the Daredevil,2,8,8.3,4335
tt0757017,Bart Gets Hit by a Car,2,10,7.8,3881
tt0768553,Bart the Lover,3,16,8.3,3927
tt0701114,Homer at the Bat,3,17,8.7,4635
tt0701112,Homer and Apu,5,13,8.2,3262
tt0778449,Itchy & Scratchy Land,6,4,8.6,3629
tt0701207,Sideshow Bob Roberts,6,5,8.2,3182
tt0701115,Homer the Great,6,12,9.0,4398
tt0778446,Bart vs. Australia,6,16,8.5,3656
tt0763025,Bart Sells His Soul,7,4,8.8,4158
tt0701043,A Fish Called Selma,7,19,8.2,3285
tt0701219,"Summer of 4'2""",7,25,8.5,3105
tt0763023,Bart After Dark,8,5,8.3,3050
tt0701245,The Itchy & Scratchy & Poochie Show,8,14,7.9,2938
tt0701136,In Marge We Trust,8,22,8.1,2764
tt0701230,The City of New York vs. Homer Simpson,9,1,9.0,4990
tt0763039,The Cartridge Family,9,5,8.2,2877
tt0779673,Realty Bites,9,9,7.6,2369
tt0701085,Das Bus,9,14,8.2,2685
tt0701265,The Trouble with Trillions,9,20,7.8,2736
tt0701270,The Wizard of Evergreen Terrace,10,2,8.1,2899
tt0701135,I'm with Cupid,10,14,7.3,2126
tt0701272,They Saved Lisa's Brain,10,22,7.3,2060
tt0763041,Treehouse of Horror XIII,14,1,7.6,2124
tt0701218,The Strong Arms of the Ma,14,9,6.8,1755
tt0701188,My Mother the Carjacker,15,2,7.2,1650
tt0701286,Treehouse of Horror XV,16,1,7.4,1948
tt0784541,Midnight Rx,16,6,7.1,1510
tt0701260,The Seven-Beer Snitch,16,14,6.7,1467
tt0701071,The Bonfire of the Manatees,17,1,6.2,1606
tt0800706,Regarding Margie,17,20,6.7,1499
tt0959423,Yokel Chords,18,14,6.8,1551
tt1019219,The Boys of Bummer,18,18,6.0,1633
tt0907538,24 Minutes,18,21,8.1,2513
tt0701234,The Day the Violence Died,7,18,8.0,2821
tt0779677,This Little Wiggy,9,18,7.8,2416
tt0701178,Moaning Lisa,1,6,7.6,4994
tt0701228,The Call of the Simpsons,1,7,7.7,4797
tt0701232,The Crepes of Wrath,1,11,7.7,4507
tt0701062,Bart vs. Thanksgiving,2,7,7.7,3964
tt0701063,Bart's Dog Gets an F,2,16,7.4,3598
tt0701192,Old Money,2,17,7.6,3593
tt0767440,Blood Feud,2,22,7.8,3494
tt0768558,Saturdays of Thunder,3,9,7.9,3510
tt0701064,Bart's Friend Falls in Love,3,23,7.7,3276
tt0701173,Marge vs. the Monorail,4,12,9.1,5688
tt0701237,The Front,4,19,8.1,3156
tt0701148,Krusty Gets Kancelled,4,22,8.1,3409
tt0701202,Rosebud,5,4,8.8,4359
tt0701117,Homer the Vigilante,5,11,8.2,3326
tt0701055,Bart Gets Famous,5,12,8.1,3193
tt0701159,Lisa vs. Malibu Stacy,5,14,8.1,3569
tt0773646,Homer Loves Flanders,5,16,8.5,3662
tt0763026,Bart of Darkness,6,1,8.7,3836
tt0701281,Treehouse of Horror V,6,6,9.2,5145
tt0778447,Bart's Comet,6,14,8.7,3466
tt0701041,'Round Springfield,6,22,8.1,3300
tt0701201,Radioactive Man,7,2,8.3,3191
tt0701168,Marge Be Not Proud,7,11,8.5,3711
tt0701155,Lisa the Iconoclast,7,16,8.1,2885
tt0779664,A Milhouse Divided,8,6,8.1,2849
tt0779669,Lisa's Date with Density,8,7,7.8,2763
tt0701253,The Old Man and the Lisa,8,21,7.8,2662
tt0701259,The Secret War of Lisa Simpson,8,25,7.8,2626
tt0701163,Lisa's Sax,9,3,8.1,2624
tt0779679,Treehouse of Horror VIII,9,4,8.2,2884
tt0701267,The Two Mrs. Nahasapeemapetilons,9,7,7.6,2367
tt0701091,Dumbbell Indemnity,9,16,7.6,2330
tt0701210,Simpson Tide,9,19,8.1,2925
tt0779665,Girly Edition,9,21,7.8,2357
tt0781977,Bart the Mother,10,3,7.5,2358
tt0701290,Viva Ned Flanders,10,10,7.8,2406
tt0701170,Marge Simpson in: 'Screaming Yellow Honkers',10,15,7.3,2134
tt0701075,Brother's Little Helper,11,2,7.5,2065
tt0701095,Faith Off,11,11,6.8,1936
tt0701250,The Mansion Family,11,12,7.3,1939
tt0701049,A Tale of Two Springfields,12,2,7.4,2086
tt0765966,Children of a Lesser Clod,12,20,7.2,1745
tt0701044,A Hunka Hunka Burns in Love,13,4,7.0,1742
tt0701141,Jaws Wired Shut,13,9,7.3,1771
tt0701233,The Dad Who Knew Too Little,14,8,7.2,1675
tt0701090,"Dude, Where's My Ranch?",14,18,6.9,1682
tt0701285,Treehouse of Horror XIV,15,1,7.5,2058
tt0701276,"Today, I Am a Clown",15,6,6.4,1542
tt0763027,Bart-Mangled Banner,15,21,6.3,1573
tt0701096,Fat Man and Little Boy,16,5,7.0,1486
tt0701194,On a Clear Day I Can't See My Sister,16,11,6.7,1574
tt0701224,Thank God It's Doomsday,16,19,7.2,1531
tt0701125,Homer's Paternity Coot,17,10,6.6,1514
tt0758509,We're on the Road to D'ohwhere,17,11,6.9,1464
tt0787753,Million Dollar Abie,17,16,6.3,1565
tt0701146,"Kiss Kiss, Bang Bangalore",17,17,7.2,1622
tt0864054,G.I. (Annoyed Grunt),18,5,6.7,1602
tt0893217,"Kill Gil, Vol. 1 & 2",18,9,6.3,1597
tt0918024,The Wife Aquatic,18,10,6.5,1534
tt0988495,Marge Gamer,18,17,7.3,1700
tt0701269,The Way We Was,2,12,8.2,4084
tt0701191,"Oh Brother, Where Art Thou?",2,15,8.3,4086
tt0773648,I Love Lisa,4,15,8.4,3615
tt0763029,Duffless,4,16,8.3,3397
tt0701294,Who Shot Mr. Burns? Part One,6,25,9.2,4665
tt0701288,Trilogy of Error,12,18,8.6,2873
tt0701099,Future-Drama,16,15,7.3,1644
tt0780424,Bart Has Two Mommies,17,14,7.0,1487
tt1017618,Crook and Ladder,18,19,6.9,1435
tt0779680,Two Bad Neighbors,7,13,8.5,3694
tt0701160,Lisa's First Word,4,10,8.7,3833
tt0701128,Homie the Clown,6,15,8.6,3498
tt0701158,Lisa the Vegetarian,7,5,8.5,3798
tt0701050,"All Singing, All Dancing",9,11,5.0,2723
tt0701277,Trash of the Titans,9,22,8.4,3162
tt0701157,Lisa the Treehugger,12,4,7.1,1939
tt0701209,Simple Simpson,15,19,7.3,1655
tt0701078,"Burns, Baby Burns",8,4,7.6,2858
tt0701289,Two Dozen and One Greyhounds,6,20,8.1,2956
tt1023430,You Kent Always Say What You Want,18,22,7.2,1627
tt1103798,He Loves to Fly and He D'ohs,19,1,6.6,1622
tt1112081,Midnight Towboy,19,3,7.1,1534
tt1111719,I Don't Wanna Know Why the Caged Bird Sings,19,4,6.7,1500
tt1137310,Little Orphan Millie,19,6,6.6,1470
tt1137309,Funeral for a Fiend,19,8,7.1,1608
tt1166961,That '90s Show,19,11,6.3,2114
tt1188966,The DeBarted,19,13,7.6,1844
tt1191727,Dial 'N' for Nerder,19,14,7.4,1581
tt1206071,Smoke on the Daughter,19,15,6.6,1470
tt1211739,Papa Don't Leech,19,16,6.1,1388
tt1215758,Apocalypse Cow,19,17,6.8,1484
tt1225549,Any Given Sundance,19,18,7.0,1482
tt1225550,Mona Leaves-a,19,19,7.0,1509
tt1291175,Lost Verizon,20,2,6.8,1601
tt1291168,Treehouse of Horror XIX,20,4,7.1,1838
tt1291169,Dangerous Curves,20,5,6.6,1476
tt1291170,Homer and Lisa Exchange Cross Words,20,6,7.1,1491
tt1291171,MyPods and Boomsticks,20,7,7.1,1638
tt1291172,The Burns and the Bees,20,8,6.5,1472
tt1291173,Lisa the Drama Queen,20,9,6.0,1607
tt1291156,How the Test Was Won,20,11,7.0,1433
tt1291158,Gone Maggie Gone,20,13,7.2,1572
tt1291160,Wedding for Disaster,20,15,6.5,1368
tt1291161,Eeny Teeny Maya Moe,20,16,7.2,1476
tt1291162,"The Good, the Sad and the Drugly",20,17,7.2,1498
tt1291163,Father Knows Worst,20,18,6.9,1385
tt1291164,"Waverly Hills, 9021-D'Oh",20,19,7.1,1510
tt1291166,Coming to Homerica,20,21,7.2,1529
tt1502337,Homer the Whopper,21,1,7.1,1636
tt1519211,The Great Wife Hope,21,3,6.3,1328
tt1528000,Treehouse of Horror XX,21,4,7.3,1724
tt1535905,The Devil Wears Nada,21,5,6.7,1372
tt1535904,Pranks and Greens,21,6,6.6,1351
tt1572119,Thursdays with Abie,21,9,6.7,1261
tt1572482,Once Upon a Time in Springfield,21,10,6.5,1344
tt1589903,Million Dollar Maybe,21,11,7.1,1308
tt1589902,Boy Meets Curl,21,12,6.8,1359
tt1597692,The Color Yellow,21,13,6.6,1364
tt1606137,Postcards from the Wedge,21,14,6.9,1243
tt1607507,Stealing First Base,21,15,7.0,1403
tt1614895,The Greatest Story Ever D'ohed,21,16,5.7,1612
tt1619577,American History X-cellent,21,17,6.6,1273
tt1626786,Chief of Hearts,21,18,6.8,1258
tt1629162,The Squirt and the Whale,21,19,6.8,1290
tt1633108,"To Surveil, with Love",21,20,7.1,1334
tt1635632,Moe Letter Blues,21,21,7.0,1299
tt1645678,The Bob Next Door,21,22,7.3,1423
tt1645677,Judge Me Tender,21,23,6.5,1321
tt1628648,Elementary School Musical,22,1,6.1,1530
tt1628659,Loan-a Lisa,22,2,6.7,1281
tt1628662,MoneyBart,22,3,6.7,1342
tt1628664,"Lisa Simpson, This Isn't Your Life",22,5,7.2,1297
tt1628665,The Fool Monty,22,6,6.5,1256
tt1628666,How Munched Is That Birdie in the Window?,22,7,6.3,1255
tt1628667,The Fight Before Christmas,22,8,6.7,1380
tt1628649,Moms I'd Like to Forget,22,10,6.3,1193
tt1628650,Flaming Moe,22,11,6.7,1300
tt1628651,Homer the Father,22,12,6.9,1238
tt1628652,The Blue and the Gray,22,13,6.7,1225
tt1628654,The Scorpion's Tale,22,15,6.6,1303
tt1628655,A Midsummer's Nice Dreams,22,16,6.0,1225
tt1628658,The Real Housewives of Fat Tony,22,19,6.5,1293
tt1628660,Homer Scissorhands,22,20,7.1,1279
tt1628661,500 Keys,22,21,7.3,1354
tt1927865,The Ned-Liest Catch,22,22,7.0,1338
tt2047547,Bart Stops to Smell the Roosevelts,23,2,7.1,1411
tt2083064,Replaceable You,23,4,6.4,1251
tt2063514,The Food Wife,23,5,7.1,1396
tt2090363,The Book Job,23,6,7.9,1856
tt2098488,The Man in the Blue Flannel Pants,23,7,6.7,1220
tt2107520,The Ten-Per-Cent Solution,23,8,6.1,1166
tt2107521,Holidays of Future Passed,23,9,8.3,2300
tt2107516,"Politically Inept, with Homer Simpson",23,10,6.0,1312
tt2107517,The D'oh-cial Network,23,11,6.9,1346
tt2107518,Moe Goes from Rags to Riches,23,12,5.8,1404
tt2107519,The Daughter Also Rises,23,13,6.3,1204
tt2061517,At Long Last Leave,23,14,6.9,1382
tt2287235,Exit Through the Kwik-E-Mart,23,15,6.8,1184
tt2282549,"Them, Robot",23,17,6.9,1306
tt2107522,A Totally Fun Thing Bart Will Never Do Again,23,19,7.6,1588
tt2396247,The Spy Who Learned Me,23,20,6.8,1120
tt2400823,Ned 'N Edna's Blend Agenda,23,21,6.6,1207
tt2403733,Lisa Goes Gaga,23,22,4.0,3297
tt2289606,Moonshine River,24,1,6.3,1417
tt2396464,Treehouse of Horror XXIII,24,2,7.2,1566
tt2396344,Adventures in Baby-Getting,24,3,6.8,1208
tt2507828,Gone Abie Gone,24,4,6.7,1171
tt2518614,A Tree Grows in Springfield,24,6,6.3,1160
tt2533216,The Day the Earth Stood Cool,24,7,6.9,1309
tt2580138,Homer Goes to Prep School,24,9,6.7,1127
tt2581142,A Test Before Trying,24,10,6.9,1125
tt2649908,Changing of the Guardian,24,11,6.5,1141
tt2649910,Love Is a Many Splintered Thing,24,12,6.2,1193
tt2710778,Hardly Kirk-ing,24,13,7.0,1161
tt2710780,Gorgeous Grampa,24,14,6.2,1169
tt2739622,Dark Knight Court,24,16,7.1,1201
tt2778778,What Animated Women Want,24,17,6.4,1155
tt2850616,Pulpit Friction,24,18,6.4,1132
tt2850618,The Fabulous Faker Boy,24,20,6.3,1102
tt2857338,The Saga of Carl,24,21,7.1,1257
tt2930940,Treehouse of Horror XXIV,25,2,6.9,1622
tt2930944,Four Regrettings and a Funeral,25,3,6.4,1222
tt2967632,YOLO,25,4,6.5,1260
tt2930950,Labor Pains,25,5,6.8,1189
tt3298158,The Kid Is All Right,25,6,6.4,1250
tt3449580,Specs and the City,25,11,7.1,1184
tt3181558,Diggs,25,12,6.3,1176
tt3181550,The Man Who Grew Too Much,25,13,6.6,1256
tt2985826,The Winter of His Content,25,14,6.6,1155
tt3181612,The War of Art,25,15,6.9,1126
tt3181488,Days of Future Future,25,18,7.0,1324
tt3181528,What to Expect When Bart's Expecting,25,19,5.8,1161
tt3319012,Pay Pal,25,21,6.6,1124
tt3683030,The Yellow Badge of Cowardge,25,22,6.6,1124
tt3707816,Clown in the Dumps,26,1,5.7,1469
tt3552794,Super Franchise Me,26,3,6.4,1162
tt3552792,Treehouse of Horror XXV,26,4,7.4,1602
tt3144282,Simpsorama,26,6,7.9,2236
tt4132794,Covercraft,26,8,6.4,1161
tt4130168,I Won't Be Home for Christmas,26,9,6.8,1158
tt4165562,Bart's New Friend,26,11,7.1,1199
tt3990550,The Musk Who Fell to Earth,26,12,5.4,1400
tt4390086,My Fare Lady,26,14,6.6,1036
tt3181538,Sky Police,26,16,6.8,1100
tt4468144,Waiting for Duffman,26,17,6.6,1038
tt4480342,The Kids Are All Fight,26,19,6.7,1001
tt4480370,Let's Go Fly a Coot,26,20,6.1,981
tt4437970,Bull-E,26,21,6.5,1004
tt4480380,Mathlete's Feat,26,22,6.7,1044
tt4341176,Every Man's Dream,27,1,5.7,1412
tt4480392,'Cue Detective,27,2,6.6,1177
tt4480454,Halloween of Horror,27,4,7.6,1623
tt4480402,Treehouse of Horror XXVI,27,5,6.5,1317
tt4485922,Friend with Benefit,27,6,6.6,1037
tt4480444,"Lisa with an ""S""",27,7,5.9,1057
tt4773522,Barthood,27,9,8.4,2348
tt5148632,The Girl Code,27,10,6.6,1134
tt4932900,Teenage Mutant Milk-Caused Hurdles,27,11,6.5,1062
tt4773510,Lisa the Veterinarian,27,15,6.4,981
tt5222700,The Burns Cage,27,17,6.4,974
tt5222722,How Lisa Got Her Marge Back,27,18,6.2,923
tt5222740,Fland Canyon,27,19,7.1,1065
tt5222750,To Courier with Love,27,20,6.7,915
tt5222742,Simprovised,27,21,6.3,939
tt4765704,Orange Is the New Yellow,27,22,6.6,972
tt5718172,Monty Burns' Fleeing Circus,28,1,6.1,1070
tt5847440,Friends and Family,28,2,6.6,1028
tt5847444,Trust But Clarify,28,5,6.3,955
tt4765710,Dad Behavior,28,8,6.5,922
tt5847466,The Last Traction Hero,28,9,6.4,883
tt5570642,The Nightmare After Krustmas,28,10,5.9,971
tt5847482,The Great Phatsby,28,12,6.2,1137
tt5847492,The Cad and the Hat,28,15,6.5,921
tt5847434,Kamp Krustier,28,16,6.5,913
tt4765712,22 for 30,28,17,6.5,953
tt6012538,A Father's Watch,28,18,6.8,923
tt6012540,The Caper Chase,28,19,6.1,940
tt5951416,Looking for Mr. Goodbart,28,20,6.8,920
tt6733170,Dogtown,28,22,6.4,862
tt7156270,The Serfsons,29,1,6.8,1394
tt7156264,Springfield Splendor,29,2,6.6,1102
tt6225292,Whistler's Father,29,3,6.2,999
tt6890620,Treehouse of Horror XXVIII,29,4,7.1,1393
tt7480030,Grampy Can Ya Hear Me,29,5,6.4,958
tt7368116,Singin' in the Lane,29,7,6.4,962
tt7343996,Mr. Lisa's Opus,29,8,6.9,1057
tt7480064,Gone Boy,29,9,7.2,1165
tt6890594,Frink Gets Testy,29,11,6.3,905
tt7343988,3 Scenes Plus a Tag from a Marriage,29,13,6.6,903
tt7156280,Fears of a Clown,29,14,6.0,863
tt7953984,No Good Read Goes Unpunished,29,15,6.3,880
tt8068912,King Leer,29,16,6.3,850
tt7343990,Lisa Gets the Blues,29,17,6.7,936
tt8068902,Forgive and Regret,29,18,7.0,938
tt8259930,Left Behind,29,19,6.6,872
tt8259932,Throw Grampa from the Dane,29,20,6.7,956
tt8292612,Flanders' Ladder,29,21,7.6,1277
tt6225298,Bart's Not Dead,30,1,6.3,1194
tt8340874,Heartbreak Hotel,30,2,6.2,1076
tt8340876,My Way or the Highway to Heaven,30,3,6.3,1035
tt7636822,Treehouse of Horror XXIX,30,4,6.0,1203
tt8340884,Baby You Can't Drive My Car,30,5,7.0,993
tt8340890,From Russia Without Love,30,6,6.5,925
tt7702262,Werking Mom,30,7,5.9,1107
tt8340896,Krusty the Clown,30,8,6.5,895
tt8730968,'Tis the 30th Season,30,10,6.7,907
tt8730984,Mad About the Toy,30,11,6.0,1051
tt8730994,The Girl on the Bus,30,12,6.5,934
tt8733696,I'm Dancing as Fat as I Can,30,13,6.8,923
tt8733692,The Clown Stays in the Picture,30,14,6.2,844
tt8733700,I Want You (She's So Heavy),30,16,5.8,819
tt8733702,E My Sports,30,17,6.4,897
tt8733706,Bart vs. Itchy & Scratchy,30,18,5.0,1683
tt8733716,I'm Just a Girl Who Can't Say D'oh,30,20,5.6,867
tt10126678,D'oh Canada,30,21,5.8,1008
tt10198852,Crystal Blue-Haired Persuasion,30,23,6.2,827
tt10933664,The Winter of Our Monetized Content,31,1,5.9,1144
tt8340902,Go Big or Go Homer,31,2,6.0,1057
tt10750102,The Fat Blue Line,31,3,6.5,943
tt10750104,Treehouse of Horror XXX,31,4,6.8,1214
tt10773704,Gorillas on the Mast,31,5,6.3,876
tt11199326,Thanksgiving of Horror,31,8,7.3,1179
tt11254392,"Todd, Todd, Why Hast Thou Forsaken Me?",31,9,6.5,1034
tt11312750,Hail to the Teeth,31,11,6.1,781
tt11312752,The Miseducation of Lisa Simpson,31,12,6.5,794
tt11168734,Frinkcoin,31,13,6.0,772
tt11312808,Bart the Bad Guy,31,14,7.2,1029
tt11755328,Screenless,31,15,6.5,779
tt11755350,Better Off Ned,31,16,6.5,748
tt11755338,Highway to Well,31,17,6.9,829
tt11873248,The Incredible Lightness of Being a Baby,31,18,6.4,734
tt11969864,Warrin' Priests,31,19,6.1,848
tt11969902,Warrin' Priests Part 2,31,20,5.8,807
tt11969980,The Way of the Dog,31,22,7.5,985
tt13056344,"I, Carumbus",32,2,6.8,1045
tt13056352,"Now Museum, Now You Don't",32,3,5.8,922
tt13056368,Treehouse of Horror XXXI,32,4,6.4,1313
tt13056376,The 7 Beer Itch,32,5,5.8,931
tt13326652,Podcast News,32,6,6.7,864
tt13326676,Three Dreams Denied,32,7,6.3,797
tt13056380,The Road to Cincinnati,32,8,6.6,942
tt13522384,The Dad-Feelings Limited,32,11,7.1,1030
tt13653422,Wad Goals,32,13,6.3,770
tt13671518,Yokel Hero,32,14,5.6,723
tt13800512,Manger Things,32,16,6.4,721
tt13977674,Uncut Femmes,32,17,6.5,758
tt13977692,Burger Kings,32,18,6.7,702
tt13977716,Panic on the Streets of Springfield,32,19,6.4,866
tt14056918,Mother and Child Reunion,32,20,6.8,699
tt14056916,The Man from G.R.A.M.P.A.,32,21,6.3,644
tt14167092,The Star of the Backstage,33,1,4.4,1456
tt14437466,Bart's in Jail!,33,2,7.0,958
tt14457876,Treehouse of Horror XXXII,33,3,6.7,1041
tt14457882,The Wayz We Were,33,4,6.7,813
tt14457894,Lisa's Belly,33,5,6.8,938
tt14457906,A Serious Flanders,33,6,8.2,1474
tt14457928,Portrait of a Lackey on Fire,33,8,6.3,864
tt14457932,Mothers and Other Strangers,33,9,6.3,698
tt14457938,A Made Maggie,33,10,6.9,699
tt14457944,The Longest Marge,33,11,5.8,676
tt14457978,Boyz N the Highlands,33,13,6.7,716
tt14457992,You Won't Believe What This Episode Is About - Act Three Will Shock You!,33,14,6.5,688
tt14458018,Pretty Whittle Liar,33,16,6.2,621
tt14458034,The Sound of Bleeding Gums,33,17,5.9,674
tt14458070,Girls Just Shauna Have Fun,33,19,6.6,633
tt14458098,Meat Is Murder,33,21,6.0,656
tt14458122,Poorhouse Rock,33,22,6.0,1000
tt14167110,Habeas Tortoise,34,1,6.5,843
tt14474236,One Angry Lisa,34,2,6.3,719
tt14476078,Lisa the Boy Scout,34,3,6.6,928
tt22464956,Not It,34,5,7.5,1015
tt22465048,Treehouse of Horror XXXIII,34,6,8.3,1492
tt22689218,From Beer to Paternity,34,7,6.4,627
tt23693090,Game Done Changed,34,10,6.6,612
tt24176456,My Life as a Vlog,34,12,5.9,663
tt25815036,The Many Saints of Springfield,34,13,6.4,537
tt26591142,Carl Carlson Rides Again,34,14,6.1,627
tt26672060,Bartless,34,15,6.8,551
tt26749199,Pin Gal,34,17,6.4,514
tt26749205,Fan-ily Feud,34,18,5.4,578
tt26749223,Clown v. Board of Education,34,21,6.3,447
tt26749227,Homer's Adventures Through the Windshield Glass,34,22,5.8,629
tt29076700,A Mid-Childhood Night's Dream,35,2,7.1,524
tt29379873,McMansion & Wife,35,3,6.2,369
tt29387613,Thirst Trap: A Corporate Love Story,35,4,5.9,391
tt29593478,It's a Blunderful Life,35,7,6.3,312
tt30028382,AE Bonny Romance,35,8,6.2,295
tt29804412,"Murder, She Boat",35,9,6.6,262
tt26457881,Do the Wrong Thing,35,10,6.3,257
tt1147352,Eternal Moonshine of the Simpson Mind,19,9,8.1,2290
tt1157300,E Pluribus Wiggum,19,10,6.8,1516
tt1291155,"Take My Life, Please",20,10,6.9,1415
tt1628653,Angry Dad: The Movie,22,14,7.2,1408
tt1628657,The Great Simpsina,22,18,6.8,1266
tt2214159,How I Wet Your Mother,23,16,7.2,1401
tt2328399,Beware My Cheating Bart,23,18,7.1,1286
tt2518612,Penny-Wiseguys,24,5,6.3,1131
tt2739624,Dangers on a Train,24,22,7.0,1145
tt2932788,Homerland,25,1,6.9,1493
tt3181598,Married to the Blob,25,10,6.9,1264
tt3181608,You Don't Have to Live Like a Referee,25,16,6.7,1158
tt3603776,Opposites A-Frack,26,5,6.3,1130
tt3735244,Blazed and Confused,26,7,6.8,1205
tt4357306,Walking Big & Tall,26,13,6.2,1053
tt4437944,The Princess Guide,26,15,6.4,1065
tt4480332,Peeping Mom,26,18,6.6,994
tt4659896,Paths of Glory,27,8,6.8,1029
tt4818824,The Marge-ian Chronicles,27,16,7.0,1063
tt5222754,The Town,28,3,7.0,1150
tt5222762,Havana Wild Weekend,28,7,6.2,945
tt5847488,Pork and Burns,28,11,6.7,943
tt5847490,Fatzcarraldo,28,14,6.4,910
tt5951430,Moho House,28,21,6.2,862
tt7156278,Haw-Haw Land,29,10,6.5,999
tt8340898,Daddicus Finch,30,9,6.8,904
tt8733708,Girl's in the Band,30,19,6.5,858
tt10773960,Marge the Lumberjill,31,6,5.7,992
tt11312740,"Bobby, It's Cold Outside",31,10,6.5,870
tt13394870,Sorry Not Sorry,32,9,6.3,807
tt13394880,A Springfield Summer Christmas for Christmas,32,10,6.3,907
tt13622638,Diary Queen,32,12,6.9,890
tt13671526,Do Pizza Bots Dream of Electric Guitars,32,15,5.9,752
tt14458056,My Octopus and a Teacher,33,18,6.6,654
tt14458078,Marge the Meanie,33,20,6.7,604
tt23649524,When Nelson Met Lisa,34,9,5.8,676
tt23708636,Top Goon,34,11,6.7,590
tt26749192,Hostile Kirk Place,34,16,5.9,610
tt29593472,Iron Marge,35,6,6.7,326
tt2966850,Steal This Episode,25,9,7.7,1658
tt7852294,Homer is Where the Art Isn't,29,12,6.7,999
tt1112082,Treehouse of Horror XVIII,19,5,6.9,1727
tt1226562,All About Lisa,19,20,6.4,1357
tt1291157,"No Loan Again, Naturally",20,12,6.8,1397
tt1291159,In the Name of the Grandfather,20,14,6.4,1425
tt1519210,Bart Gets a 'Z',21,2,6.6,1489
tt1546634,Rednecks and Broomsticks,21,7,6.7,1328
tt1628668,Donnie Fatso,22,9,7.0,1333
tt1628656,Love Is a Many Strangled Thing,22,17,6.2,1285
tt2000327,The Falcon and the D'Ohman,23,1,7.1,1542
tt2083065,Treehouse of Horror XXII,23,3,6.4,1659
tt2533218,To Cur with Love,24,8,7.2,1204
tt2710782,"Black-Eyed, Please",24,15,6.9,1186
tt2850620,Whiskey Business,24,19,6.7,1062
tt3181566,Yellow Subterfuge,25,7,6.7,1197
tt2930952,White Christmas Blues,25,8,6.5,1208
tt3181604,Luca$,25,17,6.4,1167
tt2967634,Brick Like Me,25,20,7.9,1861
tt3952586,The Wreck of the Relationship,26,2,6.7,1229
tt2107523,The Man Who Came to Be Dinner,26,10,6.6,1354
tt4480438,Puffless,27,3,6.9,1163
tt5179010,Much Apu About Something,27,12,6.5,1011
tt4773532,Love Is in the N2-O2-Ar-CO2-Ne-He-CH4,27,13,6.3,968
tt5847462,Treehouse of Horror XXVII,28,4,6.8,1287
tt5847448,There Will Be Buds,28,6,6.6,960
tt8845304,101 Mitigations,30,15,6.5,807
tt10165342,Woo-Hoo Dunnit?,30,22,6.2,846
tt11969914,The Hateful Eight-Year-Olds,31,21,6.5,810
tt9761050,Undercover Burns,32,1,6.5,1069
tt14016204,The Last Barfighter,32,22,7.4,821
tt14457916,A Serious Flanders: Part 2,33,7,8.2,1250
tt14458006,Bart the Cool Kid,33,15,6.4,679
tt14476092,The King of Nice,34,4,6.4,655
tt23055010,Step Brother from the Same Planet,34,8,6.5,592
tt26749210,Write Off This Episode,34,19,5.9,497
tt26749217,The Very Hungry Caterpillars,34,20,6.7,492
tt26457880,Homer's Crossing,35,1,6.7,509
tt1291174,"Double, Double, Boy in Trouble",20,3,6.8,1548
tt1563958,"Oh Brother, Where Bart Thou?",21,8,7.1,1387
tt1628663,Treehouse of Horror XXI,22,4,7.1,1662
tt7548148,The Old Blue Mayor She Ain't What She Used To Be,29,6,6.3,971
tt29236803,Treehouse of Horror XXXIV,35,5,6.8,470
tt1103799,Homer of Seville,19,2,6.5,1624
tt0992614,Husbands and Knives,19,7,6.9,1601
tt1178426,"Love, Springfieldian Style",19,12,6.5,1539
tt1289258,"Sex, Pies and Idiot Scrapes",20,1,7.2,1773
tt4773516,Gal of Constant Sorrow,27,14,6.5,1096
tt10773962,Livin la Pura Vida,31,7,6.6,942
tt14457958,Pixelated and Afraid,33,12,7.7,1022
tt1291165,Four Great Women and a Manicure,20,20,6.5,1385
